<?xml version="1.0" encoding="UTF-8" standalone="yes"?>
<addon id="plugin.video.booza" name="booza" version="1.0.0" provider-name="https://www.facebook.com/groups/1669367206670159/">
  <requires>
    <import addon="xbmc.python" version="2.1.0"/>
  </requires>
  <extension point="xbmc.python.pluginsource" library="default.py">
        <provides>video executable</provides>
  </extension>
  <extension point="xbmc.addon.metadata">
    <summary lang="en">booza Wizard</summary>
    <description lang="en">Wizard for installing booza builds</description>
    <platform>all</platform>
  </extension>
</addon>
